"Title","Salary","Location","Description"
"Support Worker","£8.50 per hour","Margate","Are you looking for a rewarding job where you go home knowing that you have made a real impact on someone's life? Sense has a great opportunity for passionate and dedicated individuals to join our team as a Support Worker in Ramsgate, Kent. This is a permanent..."
"Children's Community Support Worker","£8.50 per hour","Stockport","Reference number: 43873 Title: Children's Community Support Worker Location: Stockport Salary: 8.50 per hour Hours: 6 hours per week Closing date: Monday 6 January 2020 Interview date: Wednesday 15 January 2020 Contract type: Permanent Are you looking..."
"Support Worker","£8.50 per hour","Leeds","Are you looking for a rewarding job where you go home knowing that you have made a real impact on someone's life? Sense has a great opportunity for passionate and dedicated individuals to join our team as a Support Worker in Leeds. This is a permanent..."
"Customer Service Advisor Part time evenings","£9.00 per hour","Milton Keynes","Based: Milton Keynes Hours: Part time evenings-Between 4pm and 11pm, 16-25 hours a week(Three days during the week and either a Saturday or a Sunday) Salary: 9.00 per hour PLEASE NOTE: you must be fully flexible and willing to work the above hours. If..."
"Bus Driver LTD","£15.50 per hour","Epsom","Are you looking for a fulfilling career as a bus driver? Do you have a full UK PCV licence with a valid CPC qualification? Does an immediate start with full time potential interest you? We are recruiting service bus drivers in Epsom for an an established..."
"BUSINESS TRAVEL CONSULTANT","Salary negotiable","Aberdeen","BUSINESS TRAVEL CONSULTANT ABERDEEN HIGHLY COMPETITIVE BASIC THE JOB Do you have experience in Business Travel and you are looking for a new challenge? This is an exciting opportunity to move into a new team with one of the UK's leading travel management..."
"Specialist Recruitment Consultant","£30,000 per annum","Stockport","Job Specification - Specialist Recruitment Consultant c 30,000 bonus, pension, flexible working and flexible benefits Permanent, full time role with significant prospects Job specification The successful applicant will be responsible for developing LiCa..."
"Customer Service Advisor - German Speaking","£16,000 per annum","Gateshead","We are proudly representing our client who are a leading business in the commercial sector. Due to recent growth they are now looking for a number of customer service advisors to their team. If you are looking for a new role, please apply immediately...."
"Logistics & Tech Assistant","£16,000 - £18,000 per annum","Basingstoke","Position: Logistics & Technical Assistant Salary: 16- 18k Reporting to: Technical Manager Objectives: To maintain all stock in a secure, safe and tidy environment, clearly identified by part number and area location. To control goods in and out in..."
"Relief Nursery Nurse","£8.62 - £10.50 per hour","Hitchin","Relief Nursery Nurse If you are looking for a flexible childcare role, come and join the nursery team at our beautiful Highbury Lodge Day Nursery in Hitchin. We are seeking a 'support' team member to join us as a Relief Nursery Nurse. This role would be..."
"Office Manager (Financial Services)","£40,000 - £60,000 per annum","Redhill","Here is your chance to enter a highly prestigious and reputable financial services organisation at management level. This business are a fantastic example of client-focus. Across their history they have prided themselves on the service and products provided..."
"Health and Wellbeing Coach (Falls Prevention) - Cheshire East","£21,000 - £24,000 per annum","Nantwich","Are you passionate about making a difference and helping others? Would you like to work in a customer facing role and make a positive impact on people and their communities? Consider the role of a Health & Wellbeing Coach at Reed Wellbeing on our NEW..."
"Sales Team Member","Competitive salary","White Lund Industrial Estate","Our passion to provide the highest quality of customer service is key in everything we do and we now have an opportunity for a customer focused Sales Team Member to join our team at Vantage Skoda Morecambe. About the Role Skoda's sale's process is both..."
"Children's Community Support Worker","£8.50 per hour","Stockport","Reference number: 43873 Title: Children's Community Support Worker Location: Stockport Salary: 8.50 per hour Hours: 6 hours per week Closing date: Monday 6 January 2020 Interview date: Wednesday 15 January 2020 Contract type: Permanent Are you looking..."
"Fire & Security Site Based Service Engineer","£28,000 - £33,000 per annum, inc benefits","Southampton","Benefits: Upto 33,000pa ( DOE ) / 40 hrs / 28 days and after 6months going to 25 8 / Life Assurance / Laptop / Mobile / Van or Car with private use We have been established for over 15 years privately owned with 3 offices covering the South Coast and surrounding..."
"Field Service Engineer Mass Spectrometry","Competitive salary","Manchester","Do you have experience with LC-MS Technology and are you looking for a challenging new role? We are searching for talented analysts or field service engineers with LC-MS experience to join a world-leader in mass spectrometry instrumentation. In this challenging..."
"Community Support Worker","£8.50 per hour","Bridgend","Could you help some amazing people to communicate, express themselves and connect with the world? If yes, then our Community Support Worker job vacancies in Bridgend may be perfect for you About the role Sense has a great opportunity for passionate and..."
"Financial Accountant","Salary negotiable","Worcester","Our client, based in Worcestershire , is currently recruiting for a Financial Accountant on a permanent basis . Our client is a large, well respected public sector organisation that provides assistance to service users across the Worcestershire area. The..."
"Public area attendant","£8.40 - £10.00 per hour, inc benefits","Central London","Quadrant Recruitment is a specialist recruiter of talented hospitality and service people for some of London's most discerning Hotels, Serviced Apartments, Restaurant, Bars, Event Venues and Facility Management companies. We are looking for public area..."
"Junior sous Chef","£27,000 per annum, inc benefits","Tetbury","Junior Sous Chef Gloucestershire 27K Package Salary 27000.00 Live in accommodation is available for this role. Share of tips ( 2- 3K) Staff discount throughout the group Life Assurance Policy & a stakeholders pension. Job Description; Sous Chef Gloucestershire-..."
"Graduate IT Consultant IT experience required","£25,000 - £30,000 per annum","Bradford","Graduate IT Consultant (IT experience required) Location: Bradford Salary: 25 - 30k REF: J9754:LEE:GJ:GIC:BRAD Sector: IT - Software Working for an industry-leading IT company with a presence across Europe, you will act as the first port of call for new..."
"Application Support Analyst - .NET, SQL Systems","£32,000 - £40,000 per annum","Warrington","Software Application Support Analyst: Windows, SQL , Networks, .NET Software Near Warrington - Commutable via Liverpool, St Helens, Wigan, West Manchester 32,000 - 40,000 pa (depending on experience) Bonus Great Benefits Shares 6 Weeks Leave Up to 2 days..."
"Security Officer","£9.00 per hour","Porthmadog","Security Officer Porthmadog (LL49 9NU) & surrounding area 9.00 per hour Cordant Security are currently looking for a Retail Security Support Officer to be based in the Porthmadog (LL49 9NU) area. You will be asked to cover multiple sites across our..."
"PR Account Executive - Guildford - Up to £25k + Great Benefits!!","£20,000 - £25,000 per annum","Guildford","PR Account Executive - Guildford - Up to 25k We are working with an award-winning PR agency who have an exciting opportunity for an Account Executive to join the team. As experts in consumer and B2B public relations, they help their clients to inspire..."
"Spares & Logistics Coordinator","Competitive salary","Warwick","Spares & Logistics Coordinator     Salary Range: Competitive Location: Warwick Leading mechanical and plant engineering company. A detailed Spares & Logistics Coordinator is required for a leading mechanical and plant engineering company based..."
"Senior Support Worker","£23,282 per annum","London","Are you looking for a rewarding job where you go home knowing that you have made a real impact on someone's life? Sense has a great opportunity for passionate and dedicated individuals to join our team as a Senior Support Worker at our Service in the Brondesbury..."
"Conveyancing Legal Secretary / Assistant","£18,000 - £21,000 per annum","Glasgow","Position: Conveyancing Legal Secretary / Assistant Location: Glasgow City Centre Salary: circa 20,000 - 22,000 depending on experience Do you have a proven track record in a Conveyancing based environment? Are you able to manage a busy caseload? Do you..."
"Support Worker","£8.50 per hour","Margate","Are you looking for a rewarding job where you go home knowing that you have made a real impact on someone's life? Sense has a great opportunity for passionate and dedicated individuals to join our team as a Support Worker in Ramsgate, Kent. This is a permanent..."
"Children's Community Support Worker","£8.50 per hour","Stockport","Reference number: 43873 Title: Children's Community Support Worker Location: Stockport Salary: 8.50 per hour Hours: 6 hours per week Closing date: Monday 6 January 2020 Interview date: Wednesday 15 January 2020 Contract type: Permanent Are you looking..."
"Relief Nursery Nurse","£8.62 - £10.50 per hour","Hertford","Relief Nursery Nurse If you are looking for a flexible childcare role, come and join the nursery team at our beautiful River View Day Nursery in Hertford. We are seeking a 'support' team member to join us as a Relief Nursery Nurse. This role would be perfect..."
"Children's Community Support Worker","£8.50 per hour","Stockport","Reference number: 43873 Title: Children's Community Support Worker Location: Stockport Salary: 8.50 per hour Hours: 6 hours per week Closing date: Monday 6 January 2020 Interview date: Wednesday 15 January 2020 Contract type: Permanent Are you looking..."
"Graduate Researcher - Graduate Market Research","£25,000 - £40,000 per annum, negotiable","Central London","Graduate Researcher - Graduate Market Research My client is a business advisory & talent consultancy firm, who play a pivotal role in the growth, and diversity and inclusion, of major Consultancy firms. They are looking for a Graduate Researcher to..."
"Support Worker","£8.50 per hour","Margate","Are you looking for a rewarding job where you go home knowing that you have made a real impact on someone's life? Sense has a great opportunity for passionate and dedicated individuals to join our team as a Support Worker in Ramsgate, Kent. This is a permanent..."
"Relief Nursery Nurse","£8.62 - £10.50 per hour","Hitchin","Relief Nursery Nurse If you are looking for a flexible childcare role, come and join the nursery team at our beautiful Highbury Lodge Day Nursery in Hitchin. We are seeking a 'support' team member to join us as a Relief Nursery Nurse. This role would be..."
"Administrator","£16,500 - £18,000 per annum","Four Ashes, Wolverhampton","Job Title : Administrator Job Type: Permanent Hours : 37.5 per week Job Location : Wolverhampton As a Project Coordinator you will be responsible for communicating efficiently with all parties, including - site Surveyors, Clients, Customers and DMW' internal..."
"Relief Nursery Nurse","£8.62 - £10.50 per hour","","Relief Nursery Nurse If you are looking for a flexible childcare role, come and join the nursery team at our beautiful River View Day Nursery in Hertford. We are seeking a 'support' team member to join us as a Relief Nursery Nurse. This role would..."
"Community Support Worker","£8.50 per hour","","Could you help some amazing people to communicate, express themselves and connect with the world? If yes, then our Community Support Worker job vacancies in Bridgend may be perfect for you About the role Sense has a great opportunity for passionate..."
"Support Worker","£8.50 per hour","Margate","Are you looking for a rewarding job where you go home knowing that you have made a real impact on someone's life? Sense has a great opportunity for passionate and dedicated individuals to join our team as a Support Worker in Ramsgate, Kent. This is a permanent..."
"Support Worker","£8.50 per hour","Leeds","Are you looking for a rewarding job where you go home knowing that you have made a real impact on someone's life? Sense has a great opportunity for passionate and dedicated individuals to join our team as a Support Worker in Leeds. This is a permanent..."
"Full Time Showroom Assistant - Brierley Hill","£21,000 - £23,000 per annum, pro-rata, OTE","Brierley Hill","CareCo provides top quality mobility products at the UK's lowest prices. Our showrooms are designed so that out our customers not only have an amazing shopping experience but also by getting the right advice from our fully trained sales advisors on mobility..."
"Support Worker","£8.50 per hour","Margate","Are you looking for a rewarding job where you go home knowing that you have made a real impact on someone's life? Sense has a great opportunity for passionate and dedicated individuals to join our team as a Support Worker in Ramsgate, Kent. This is a permanent..."
"Support Worker","£8.50 per hour","Leeds","Are you looking for a rewarding job where you go home knowing that you have made a real impact on someone's life? Sense has a great opportunity for passionate and dedicated individuals to join our team as a Support Worker in Leeds. This is a permanent..."
"PHP Developer - Flexible Working Hours","£30,000 - £35,000 per annum, pro-rata, inc benefits","Sheffield","Lead role for a child focused Not-for-Profit organisation in Sheffield, as they look to bring on a passionate Web developer for their PHP-based software platform. Lead role, in a lean design team Continued training and support given from day 1 Welcoming..."
"Children's Community Support Worker","£8.50 per hour","","Reference number: 43873 Title: Children's Community Support Worker Location: Stockport Salary: £8.50 per hour Hours: 6 hours per week Closing date: Monday 6 January 2020 Interview date: Wednesday 15 January 2020 Contract type: Permanent Are you..."
"Relief Nursery Nurse","£8.62 - £10.50 per hour","","Relief Nursery Nurse If you are looking for a flexible childcare role, come and join the nursery team at our beautiful Highbury Lodge Day Nursery in Hitchin. We are seeking a 'support' team member to join us as a Relief Nursery Nurse. This role would..."
"Nursery Nurse","£19,199 - £19,700 per annum","Oxford","Are you a pro at turning play dough into sculptures? Can you recite The Gruffalo without needing to read the book? Do you love to go on magical adventures? If you have answered yes to the above then we would love to hear from you We are looking for someone..."
"Community Support Worker","£8.50 per hour","","Could you help some amazing people to communicate, express themselves and connect with the world? If yes, then our Community Support Worker job vacancies in Bridgend may be perfect for you About the role Sense has a great opportunity for passionate..."
"Sales Team Member","Competitive salary","","Our passion to provide the highest quality of customer service is key in everything we do and we now have an opportunity for a customer focused Sales Team Member to join our team at Vantage Skoda Morecambe. About the Role Skoda's sale's process is both..."
"Warehouse Manager - Freight Forwarding Business - Essex","£40,000 - £45,000 per annum, inc benefits","Essex","Warehouse Manager - Essex Pod Talent are excited to be partnering with a global Freight Forwarding business who are growing their UK Operation. This is a brand new role for the business which also involves running a new Warehouse so the successful candidate..."
"Relief Nursery Nurse","£8.62 - £10.50 per hour","","Relief Nursery Nurse If you are looking for a flexible childcare role, come and join the nursery team at our beautiful River View Day Nursery in Hertford. We are seeking a 'support' team member to join us as a Relief Nursery Nurse. This role would..."
"Senior Support Worker","£23,282 per annum","","Are you looking for a rewarding job where you go home knowing that you have made a real impact on someone's life? Sense has a great opportunity for passionate and dedicated individuals to join our team as a Senior Support Worker at our Service in the..."
"Customer Adviser","£17,515 - £20,265 per annum","Sunderland","Role Summary This is a full-time position, 35 hours per week, Monday - Friday, 9am-5pm. Two Saturdays per month are required, to be worked as overtime, 8:45am-12pm. Our Customer Advisers consistently adopt a proactive and positive approach with our customers..."
"Manager - Regional Firm of Accountants","£35,000 - £40,000 per annum, inc benefits","Rotherham","Manager - Regional Firm of Accountants, up to 40,000 The Role A leading firm of Independent Accountants with offices based across the South Yorkshire region are looking to employ an ambitious ACA or ACCA qualified practice accountant for the position of..."
"Receptionist","£8.64 per hour","Kent","About The Role Cedar House is a 40 bed hospital for adults with learning disabilities, mental health issues, personality disorders, autism and challenging behaviours, who are detained under the Mental Health Act. Cedar House enjoys a beautiful rural location..."
"Nursery Nurse - Relief","£8.62 - £10.50 per hour","North London","Relief Nursery Nurse If you are looking for a flexible childcare role, come and join the nursery team at our beautiful Woodberry Day Nursery in Winchmore Hill. We are seeking a 'support' team member to join us as a Relief Nursery Nurse. This role would..."
"Assistant Branch Manager","£22,000 - £50,000 per annum, OTE","Camberwell, London","Assistant Sales Manager 22K - 24K Basic, 50K OTE A well established Independent agency based in Camberwell is currently looking for an Assistant Branch Manager to help grow and drive the business forward. The ideal Assistant Branch manager will have the..."
"Senior Support Worker","£23,282 per annum","London","Are you looking for a rewarding job where you go home knowing that you have made a real impact on someone's life? Sense has a great opportunity for passionate and dedicated individuals to join our team as a Senior Support Worker at our Service in the Brondesbury..."
"Relief Nursery Nurse","£8.62 - £10.50 per hour","Hitchin","Relief Nursery Nurse If you are looking for a flexible childcare role, come and join the nursery team at our beautiful Highbury Lodge Day Nursery in Hitchin. We are seeking a 'support' team member to join us as a Relief Nursery Nurse. This role would be..."
"Sales Team Member","Competitive salary","White Lund Industrial Estate","Our passion to provide the highest quality of customer service is key in everything we do and we now have an opportunity for a customer focused Sales Team Member to join our team at Vantage Skoda Morecambe. About the Role Skoda's sale's process is both..."
"Support Worker","£10.55 per hour","London","Are you looking for a rewarding job where you go home knowing that you have made a real impact on someone's life? If yes, then our Support Worker job vacancies in Brent may be perfect for you About the role Sense has a great opportunity for passionate..."
"Italian Speaking Account Manager","£20,000 - £30,000 per annum, OTE","Newcastle-under-Lyme","Italian Speaking Account Manager/Inside Sales Agent Our client is a worldwide business with offices and depots all around the world. Based in Newcastle-under-Lyme, Stoke-on-Trent Staffordshire their UK office are currently looking to recruit additional..."
"Support Worker","£8.50 per hour","","Are you looking for a rewarding job where you go home knowing that you have made a real impact on someone's life? Sense has a great opportunity for passionate and dedicated individuals to join our team as a Support Worker in Leeds. This is a permanent..."
"Support Worker - Waking Nights","£8.50 per hour","","Are you looking for a rewarding job where you go home knowing that you have made a real impact on someone's life? Sense has a great opportunity for a passionate and dedicated individual to join our team as a Support Worker in Louth. This is a permanent..."
"Relief Nursery Nurse","£8.62 - £10.50 per hour","","Relief Nursery Nurse If you are looking for a flexible childcare role, come and join the nursery team at our beautiful Highbury Lodge Day Nursery in Hitchin. We are seeking a 'support' team member to join us as a Relief Nursery Nurse. This role would..."
"Support Worker","£8.50 per hour","","Reference number: 43853 Title: Support Worker - Waking Nights Location: Peterborough Salary: £8.50 per hour Hours: 27 hours per week Closing date: Monday 16 December 2019 Interview date: To be confirmed Contract type: Permanent Are you looking..."
"Children's Community Support Worker","£8.50 per hour","","Reference number: 43873 Title: Children's Community Support Worker Location: Stockport Salary: £8.50 per hour Hours: 6 hours per week Closing date: Monday 6 January 2020 Interview date: Wednesday 15 January 2020 Contract type: Permanent Are you..."
"Transaction Manager","Salary negotiable","","TRANSACTION MANAGER - TOYOTA HEREFORD Do you have previous experience as a Transaction Manager or looking to take the next step up? Do you get a buzz out of talking to customers and delivering exceptional customer service? Would you like to join an..."
"Trainee Executive Sales Executive - Financial Recruitment","£24,000 - £40,000 per annum, OTE","City of London","Trainee Executive Sales Executive - Financial Recruitment Client My client is a top international recruitment agency who specialise in the placement of Mid to Senior Level Executives and other business professionals in a variety of sectors, including;..."
"Data Analyst","£30,000 - £35,000 per annum","Swindon","Swindon 30,000 - 35,000 A highly regarded award-winning company Excellent opportunity for growth and progression This business has customers in the UK and around the globe Joining this team at a great time of growth, you will conduct analytical and data..."
"Assistant Accountant","£24,000 - £26,000 per annum","Winnersh","Assistant Accountant & AP/AR Supervisor Full Time, Permanent Package : Up to 26,000 Annual Company Bonus Working : Monday to Friday, 35 hours Location: Winnersh Triangle, Berkshire RG41 5TS This is a dual role to supervise our AP & AR team as well..."
"Relief Nursery Nurse","£8.62 - £10.50 per hour","Hertford","Relief Nursery Nurse If you are looking for a flexible childcare role, come and join the nursery team at our beautiful River View Day Nursery in Hertford. We are seeking a 'support' team member to join us as a Relief Nursery Nurse. This role would be perfect..."
"Sales Client Manager","£22,500 - £50,000 per annum, OTE","High Wycombe","Sales Client Manager High Wycombe Up to 25,500 Basic Up to 50k OTE High Wycombe East Oxford Branch. This is a chance to join an award winning Estate Agency which offers a structured career path up to regional management level. If you enjoy recognition..."
"HR Advisor","£30,000 - £33,000 per annum","Rugby","HR Advisor Location - Rugby Salary - 30,000 - 33,000 Bonus PRP Excellent company benefits To provide HR support to managers and employees across the business and contribute to Group HR initiatives and projects. Provide generalist HR support to the business..."
"Social Media Manager Digital Agency","£30,000 - £38,000 per annum","Leicester","Pitch are working with a digital agency based in Leicester who are looking for a social media specialist. We are looking for someone that can take the lead on some accounts within the agency, leading on the social media strategy for a number of the agency's..."
"Account Manager","£25,000 - £38,000 per annum","Milton Keynes","Great opportunity to join an innovative and forward-thinking Advertising Software Company that are huge investors in their people. You will receive well renowned training and development from internal and external trainers to ensure you have a smooth transition..."
"Project Manager","£35,000 - £55,000 per annum","Birmingham","Project Manager - Permanent - Birmingham Your new company In your new job role, you will be working for an excellent nationwide consultancy. They are looking for a Project Manager to join their expanding Birmingham team on a permanent basis. This organisation..."
"Relief Nursery Nurse","£8.62 - £10.50 per hour","Aylesbury","Relief Nursery Nurse If you are looking for a flexible childcare role, come and join the nursery team at our beautiful Willows Day Nursery in Aylesbury. We are seeking a 'support' team member to join us as a Relief Nursery Nurse. This role would be perfect..."
"Social Worker - Child Protection / Court Team","£36.00 - £37.00 per hour","Preston","Social Worker - Child Protection Team - Preston Randstad Care are currently looking for a qualified social worker for an opportunity within a busy child protection team for a client based in Preston . This is a fantastic opportunity for a qualified social..."
"Counterbalance & Reach Forklift Driver","£9.74 - £9.75 per hour","Brackley","Our partner is seeking a Counterbalance & Reach Forklift Driver to join their team on a permanent basis (this is not a temp to perm role). Working days (9.00am - 5.30pm Mon-Fri / 37.5 hours per week), this great opportunity in Brackley involves the..."
"Purchase Ledger Clerk","£20,000 - £23,000 per annum","Edenbridge","Purchase Ledger Clerk Edenbridge 20,000- 23,000 25 Days Holiday Bank Holidays Free Parking Monday to Friday 09.00am - 17.00pm Netbox Recruitment are working in partnership with a local employer in central Edenbridge. As an agency we are working exclusively..."
"Nursery Nurse - Relief","£8.62 - £10.50 per hour","","Relief Nursery Nurse If you are looking for a flexible childcare role, come and join the nursery team at our beautiful Woodberry Day Nursery in Winchmore Hill. We are seeking a 'support' team member to join us as a Relief Nursery Nurse. This role would..."
"Nursery Nurse - Lunch Cover","£8.62 - £11.50 per hour","","Nursery Nurse - Lunch Cover We would like to welcome a Nursery Nurse to our established and friendly nursery team in Hertford. Work should be fun and we are looking for individuals who share that philosophy at River View Day Nursery; part of Childbase..."
"Relief Nursery Nurse","£8.62 - £10.50 per hour","Hitchin","Relief Nursery Nurse If you are looking for a flexible childcare role, come and join the nursery team at our beautiful Highbury Lodge Day Nursery in Hitchin. We are seeking a 'support' team member to join us as a Relief Nursery Nurse. This role would be..."
"Support Worker - Waking Nights","£8.50 per hour","Louth, Lincolnshire","Are you looking for a rewarding job where you go home knowing that you have made a real impact on someone's life? Sense has a great opportunity for a passionate and dedicated individual to join our team as a Support Worker in Louth. This is a permanent..."
"Children's Community Support Worker","£8.50 per hour","Stockport","Reference number: 43873 Title: Children's Community Support Worker Location: Stockport Salary: 8.50 per hour Hours: 6 hours per week Closing date: Monday 6 January 2020 Interview date: Wednesday 15 January 2020 Contract type: Permanent Are you looking..."
"Relief Nursery Nurse","£8.62 - £10.50 per hour","Hitchin","Relief Nursery Nurse If you are looking for a flexible childcare role, come and join the nursery team at our beautiful Highbury Lodge Day Nursery in Hitchin. We are seeking a 'support' team member to join us as a Relief Nursery Nurse. This role would be..."
"Graduate Systems Engineer","Salary negotiable","Christchurch","We are looking for a Graduate Systems Engineer to join our Avionics and Electronics department reporting to our Systems Team Leader. Our safety critical certified design and development processes (DO-178 and DO-254) combined with mature quality processes..."
"Transaction Manager","Salary negotiable","","TRANSACTION MANAGER - TOYOTA HEREFORD Do you have previous experience as a Transaction Manager or looking to take the next step up? Do you get a buzz out of talking to customers and delivering exceptional customer service? Would you like to join an..."
"Support Worker - Waking Nights","£8.50 per hour","","Are you looking for a rewarding job where you go home knowing that you have made a real impact on someone's life? Sense has a great opportunity for a passionate and dedicated individual to join our team as a Support Worker in Louth. This is a permanent..."
"Sales Executive","£22,500 - £28,500 per annum, OTE","London","Company Description From Brisbane to Brighton, this company is already operating in 20 cities around the world and are growing fast - it is an exciting time to join Their mission is to build a global platform that makes it easy for everyone to share their..."
"Support Worker","£10.55 per hour","London","Are you looking for a rewarding job where you go home knowing that you have made a real impact on someone's life? If yes, then our Support Worker job vacancies in Brent may be perfect for you About the role Sense has a great opportunity for passionate..."
"Support Worker","£8.50 per hour","Louth, Lincolnshire","Weekend Support Worker Reference number: 43871 Title: Weekend Support Worker Location: Louth, Lincolnshire Salary: 8.50 per hour Hours: Up to 15 hours per week Closing date: Wednesday 18 December 2019 Interview date: To be confirmed Contract type: Permanent..."
"Conveyancing Assistant","£22,000 - £25,000 per annum","South East London","POST EXCHANGE ASSISTANT CRYSTAL PALACE UP TO 25,000 Our client is a forward thinking, innovative and friendly law firm based in Crystal Palace. It is desirable that the successful candidate has conveyancing and legal experience. Duties . You will deal..."
"Transaction Manager","Salary negotiable","Callow","TRANSACTION MANAGER - TOYOTA HEREFORD Do you have previous experience as a Transaction Manager or looking to take the next step up? Do you get a buzz out of talking to customers and delivering exceptional customer service? Would you like to join an ever-growing..."
"Support Worker - Waking Nights","£8.50 per hour","Louth, Lincolnshire","Are you looking for a rewarding job where you go home knowing that you have made a real impact on someone's life? Sense has a great opportunity for a passionate and dedicated individual to join our team as a Support Worker in Louth. This is a permanent..."
"Accounts Senior","£37,000 - £46,000 per annum","London","Our client, a top 50 Chartered Accountancy firm based in Central London, has a new role for an ACCA, ACA, ICAEW qualified/QBE Accounts Senior to join their Team. Reporting to the Partners, duties will include: Oversee and review the work of junior staff..."
"Transaction Manager","Salary negotiable","Callow","TRANSACTION MANAGER - TOYOTA HEREFORD Do you have previous experience as a Transaction Manager or looking to take the next step up? Do you get a buzz out of talking to customers and delivering exceptional customer service? Would you like to join an ever-growing..."
"Support Worker","£8.50 per hour","Louth, Lincolnshire","Weekend Support Worker Reference number: 43871 Title: Weekend Support Worker Location: Louth, Lincolnshire Salary: 8.50 per hour Hours: Up to 15 hours per week Closing date: Wednesday 18 December 2019 Interview date: To be confirmed Contract type: Permanent..."
"Car Sales Executive","£15,000 per annum, inc benefits","Bristol","Car Sales Executive 15,000 per annum (OTE 40,000) Bristol What we are looking for: We are looking for target driven and outgoing individuals with a strong desire to succeed. Experience in Sales is advantageous but ultimately, it's about your ability to..."
"Second in Charge of Maths","£28,355 - £44,541 per annum","East London","Position: Second in Charge of Mathematics Key Stage: 3, 4 & 5 Location: Redbridge Start date: January 2020 MPS - UPS TLR About the school: Our school is graded 'Outstanding' by Ofsted. It is their mission to give every pupil self-confidence through..."
"Support Worker","£8.50 per hour","Peterborough","Reference number: 43853 Title: Support Worker - Waking Nights Location: Peterborough Salary: 8.50 per hour Hours: 27 hours per week Closing date: Monday 16 December 2019 Interview date: To be confirmed Contract type: Permanent Are you looking for a rewarding..."
"Childrens Community Support Worker / Intervenor","£9.08 - £10.01 per hour","Bristol","Are you looking for a rewarding job where you go home knowing that you have made a real impact on someone's life? Sense has a great opportunity for passionate and dedicated individuals to join our team as a Childrens Community Support Worker / Intervenor..."
"Account Manager / Senior Account Manager","£28,000 - £35,000 per annum","Warmley","We are looking for an experienced client service profession with experience managing creative brand and design projects for FMCG brands, ideally as an Account Manager, Senior Account Manager or even an Account Director who is happy to be hands on. The..."
"Support Worker - Waking Nights","£8.50 per hour","","Are you looking for a rewarding job where you go home knowing that you have made a real impact on someone's life? Sense has a great opportunity for a passionate and dedicated individual to join our team as a Support Worker in Louth. This is a permanent..."
"Support Worker","£8.50 per hour","","Weekend Support Worker Reference number: 43871 Title: Weekend Support Worker Location: Louth, Lincolnshire Salary: £8.50 per hour Hours: Up to 15 hours per week Closing date: Wednesday 18 December 2019 Interview date: To be confirmed Contract..."
"Receptionist","Salary negotiable","Glasgow","Receptionist Glasgow 18,000 - 19,000 Would you like to work in a busy clinic just outside of the city centre and be the first point of contact for all clients face to face and over the phone? My client are passionate about delivering first class customer..."
"Support Worker","£8.50 per hour","","Support Worker Reference number: 43854 Title: Support Worker Location: Peterborough Salary: £8.50 per hour Hours: 37.5 hour per week Closing date: Monday 16 December 2019 Interview date: To be confirmed Contract type: Permanent Are you looking..."
"Team Leader","£17,500 per annum, pro-rata","","Sense has a great opportunity for a passionate and dedicated individual to join our team as a Team Leader in Louth. This is a permanent role working 35 hours per week. About the role. . As a Team Leader you will supervise other team members to ensure..."
"Management Accountant","£30,000 - £35,000 per annum, inc benefits","West Acton","My client is an international market leader in there field. They are currently looking for a Part Qualified Management Accountant to join the Finance team. The key duties of the role will include, but not be limited to: Daily/weekly tasks Daily bank reconciliations..."
"Packer/Production Operative (Food)","£8.21 - £9.20 per hour","Birmingham","A Local bakery in Birmingham is currently recruiting for Packers who will work across various shifts to support the business needs. Work will be based in Garretts Green (B33). About the Role: Packing bun and bread products. Helping to fill the paperwork..."
"Transaction Manager","Salary negotiable","","TRANSACTION MANAGER - TOYOTA HEREFORD Do you have previous experience as a Transaction Manager or looking to take the next step up? Do you get a buzz out of talking to customers and delivering exceptional customer service? Would you like to join an..."
"Marketing Manager","Competitive salary","","Marketing Manager Competitive salary - Manchester Due to growth, AlcumusISOQAR are recruiting for a Marketing Manager (Customer Value) to join the team in Manchester. Reporting to the Head of Marketing, the Marketing Manager opportunity holds responsibility..."
"Retail Supervisor","Competitive salary","Yate","We never underestimate how essential our colleagues are to keeping our business moving and growing. We are looking for people who are passionate about our products. You are what makes Ryman, and in return we do everything we can to make it a great place..."
"Team Leader","£17,500 per annum, pro-rata","Louth, Lincolnshire","Sense has a great opportunity for a passionate and dedicated individual to join our team as a Team Leader in Louth. This is a permanent role working 35 hours per week. About the role. . As a Team Leader you will supervise other team members to ensure that..."
"Childrens Community Support Worker / Intervenor","£9.08 - £10.01 per hour","Bristol","Are you looking for a rewarding job where you go home knowing that you have made a real impact on someone's life? Sense has a great opportunity for passionate and dedicated individuals to join our team as a Childrens Community Support Worker / Intervenor..."
"Postman/woman with Driving - Huddersfield Delivery Office HD1 1AA","Competitive salary","Huddersfield","Part time   Delivery Postman / Postwoman with Driving Job reference: 105333 Location: Huddersfield Delivery Office,  HD1 1AA  Contract: Permanent Hours: 25:00 hours, between 09:00  and 14:00 , 5 days per week across Monday - Saturday Hourly Rate: 10.46..."
"Support Worker - Waking Nights","£8.50 per hour","Louth, Lincolnshire","Are you looking for a rewarding job where you go home knowing that you have made a real impact on someone's life? Sense has a great opportunity for a passionate and dedicated individual to join our team as a Support Worker in Louth. This is a permanent..."
"Childrens Community Support Worker / Intervenor","£9.08 - £10.01 per hour","Bristol","Are you looking for a rewarding job where you go home knowing that you have made a real impact on someone's life? Sense has a great opportunity for passionate and dedicated individuals to join our team as a Childrens Community Support Worker / Intervenor..."
"Support Worker","£8.50 per hour","","Reference number: 43853 Title: Support Worker - Waking Nights Location: Peterborough Salary: £8.50 per hour Hours: 27 hours per week Closing date: Monday 16 December 2019 Interview date: To be confirmed Contract type: Permanent Are you looking..."
"Team Leader","£17,500 per annum, pro-rata","","Sense has a great opportunity for a passionate and dedicated individual to join our team as a Team Leader in Louth. This is a permanent role working 35 hours per week. About the role. . As a Team Leader you will supervise other team members to ensure..."
"Facilities Coordinator","Competitive salary","Hemel Hempstead","Facilities Coordinator Salary/Rate - Competitive Bonus Location - Hemel Hampstead- This role will require travel so is essential to have a driving license Key responsibilities: Responsible for managing all site coordinators, and ensuring appropriate cover..."
"Nurse / RGN - Care Home - Bedford (Day shift)","£17.00 - £19.00 per hour, negotiable","Bedford","Elderly Care Home based in Central Bedford requires a RGN to work day shifts of 36 hours a week. POST: Registered General Nurse RESPONSIBLE TO: Home Manager Main roles and responsibilities: To take overall responsibility for all the clients within the..."
"Chartered Valuation Surveyor -Taunton","£30,000 - £80,000 per annum","Taunton","My client an Independent Surveying Practice is looking for a Residential Surveyor. My client is looking for additional surveyors to carry out bank & building society valuations. You must be FRICS/MRICS or ASSOC RICS and a registered valuer. The role..."
"Business Intelligence Support Analyst","£20,000 - £25,000 per annum","Shropshire","Another role we are working exclusively with a Shropshire based client to recruit is a Business Intelligence support analyst for their exciting and constantly growing business. As a globally recognised Business Intelligence specialist consultancy, they..."
"RTA Solicitor","£30,000 - £36,000 per annum","Macclesfield","A well known and well-established firm in Macclesfield is seeking an RTA solicitor with demonstrable fast-track litigation experience. You'll be joining a well-run leading personal injury department which is currently expanding due to continued growth..."
"IT System Developer","£40,000 - £50,000 per annum","Ringwood","IT System Developer Hampshire / Dorset 50,000 As an experienced IT System Developer proficient in using Lotus Notes/Domino, you'll be successful in this advertised role if you're looking for a hands-on role within an established, successful and close-knit..."
"Barista","£8.21 - £9.21 per hour","Dartford","Do you want to be at the heart of Costa Coffee? There are many roles at Costa Coffee that help make us who we are. But, without our Baristas on the front line, making customer experiences truly great, our product would be worthless. It's our Baristas that..."
"Barista","£8.21 - £9.21 per hour","Beckton","Do you want to be at the heart of Costa Coffee? There are many roles at Costa Coffee that help make us who we are. But, without our Baristas on the front line, making customer experiences truly great, our product would be worthless. It's our Baristas that..."
"Barista Maestro","£8.86 - £9.86 per hour","Exmouth","Did you know Maestro means 'Master of Art'? So of course, in our world that means Coffee Art - So only passionate coffee lovers need apply. Our Barista Maestro's are always there demonstrating what it takes to craft great coffee and leading by example..."
"Trade Reservations Executive Free Annual Cruise!","£25,000 per annum","London","Trade Reservations Executive, Luxury Travel Company, 25,000 ( 31,000 OTE), London, Free Annual Cruise Our client, an extremely well-established Luxury Travel company based in Central London, are looking to recruit five experienced Reservations candidates..."
"Analyst","£28,000 - £32,000 per annum","London","Our client, a bespoke management consultancy based in South London are looking for an Analyst to join their growing team. We are looking for a bright Grad, with 6-12 months experience. In the role, you will be liaising with clients on a day to day basis..."
"Part Time Team Assistant","£25,000 - £28,000 per annum","London","National Travel provider are looking for a Part Time Team Assistant to help support their PA and EA Your new company This company brings together a variety of of other companies to support the nations travel run as smoothly as possible. They role has become..."
"Loading Bay Operative - Nightshift","£17,680 per annum","Edinburgh","Every year our teams deliver up to 150 million items through our network. Having the largest individual share of the national market and employing over 9,000 people in the UK there is no better time to join the People Network As a Loading Bay Operative..."
"Front End Developer - ReactJS, React Native","£30,000 - £45,000 per annum","Newport, Gwent","Front End Developer - ReactJS, React Native 30,000 - 45,000 Newport Looking to speak to a Mid/Senior Front End Developer to work for a Tech Start Up in South Wales, giving the opportunity for their developers to work alongside their team in America Developing..."
"IT Support Engineer","£25,000 - £27,000 per annum","Staverton, Cheltenham","Fabulous opportunity for an experienced IT Support Engineer, covering all aspects of IT work across the group businesses and user levels. My client has a portfolio of market-leading businesses throughout the UK who deliver temporary traffic solutions to..."
"Tax Assistant","£18,000 - £25,000 per annum","Liverpool","One of the UK's largest accountancy and business advisory firms are seeking a Tax Assistant to join their Liverpool team. You will be providing services to ambitious businesses within the UK and worldwide. They are a profitable, dynamic and forward-looking..."
"Self-Employed Financial Advisor - Dudley","£50,000 - £100,000 per annum","Dudley","Our clients, a well-established Independent Financial Advisors, are looking for experienced Self - Employed Financial Advisors to join their busy team in Dudley. The company has 800 years combined Advisory experience within a team of over 60 advisors looking..."
"Commercial Electrician Fixed Wire Testing","£28,000 per annum","South Yorkshire","Commercial Electrician (Fixed Wire Testing) 28,000 Bonus (OTE 38,000) Car (Available for Personal use) Phone Fuel Card Tools Home based with no stays away, covering a 50-mile location of your home location Are you a Commercial Electrician with either an..."
"Global CRM Manager","Competitive salary","West London","Who are we? The Juice Plus Company is an innovative, fast-moving C2C (consumer-to-consumer) company present in over 25 countries worldwide, servicing over 4 million satisfied customers with our over independent 200.000 Partners globally. With our products..."
"Assistant Accountant","£28,000 - £30,000 per annum","Crawley","Reed Accountancy are looking for an experienced  Assistant Accountant to join their client's expanding finance team. This role will suit an ambitious individual with a proven record, looking for the next step in their accounting career. Key responsibilities..."
"SUPPORT WORKER (16hrs) - Folkestone S/L - £8.21 p/h","£8.21 per hour","Folkestone","SUPPORT WORKER (16hrs) - Folkestone S/L - 8.21 p/h About the Role: We are looking for, preferably, a Male Support Worker to join our friendly Martello Flats Folkestone S/L team based at our service in Folkestone in Kent. Folkestone S/L has easy access..."
"Marketing Careers that are Baked Full of Opportunity","Salary negotiable","St. Albans","Marketing Careers that are Baked Full of Opportunity Love the commercial cut and thrust and delight in understanding shoppers, consumers and retailers? Do you have the ability to 'live your brand' and share your passion with all stakeholders? Can you inspire..."
"Youth Worker, Blackburn","£9.50 - £10.50 per hour","Blackburn","Teaching Personnel are seeking a Youth Worker to work in one of our partner Schools in the Blackburn area. The School is smaller than average and specifically caters for pupils with SEMH Difficulties, Autism, ADHD, ODD and Challenging Behaviours. The School..."
"Engagement and Internal Communications Executive","Salary negotiable","Luton","Job Role:   Engagement and Internal Communications Executive Location:  Luton Job Sector:  HR   Hours:  35 Hours As Engagement and Internal Communications Executive, you will contribute to our vision of being the leading residential property manager, as..."
"Sociology, Criminology and Law lecturer.","£130.00 - £150.00 per day","Rotherham","Sociology, Criminology and Law lecturer. Tradewind are working with a Further Education group in the Rotherham area seeking a qualified Sociology, Criminology and Law lecturer on a part time basis one and a half days per week Thursday and Friday. The role..."
"Support Worker - Waking Nights","£8.50 per hour","","Are you looking for a rewarding job where you go home knowing that you have made a real impact on someone's life? Sense has a great opportunity for a passionate and dedicated individual to join our team as a Support Worker in Louth. This is a permanent..."
"Support Worker","£8.50 per hour","","Support Worker Reference number: 43854 Title: Support Worker Location: Peterborough Salary: £8.50 per hour Hours: 37.5 hour per week Closing date: Monday 16 December 2019 Interview date: To be confirmed Contract type: Permanent Are you looking..."
"Childrens Community Support Worker / Intervenor","£9.08 - £10.01 per hour","","Are you looking for a rewarding job where you go home knowing that you have made a real impact on someone's life? Sense has a great opportunity for passionate and dedicated individuals to join our team as a Childrens Community Support Worker / Intervenor..."
"Customer Service Representative","£20,000 per annum","","Centre for Health and Disability Assessments (CHDA) delivers the Health Assessment Advisory Service on behalf of the Department for Work and Pensions (DWP). With over 150 Assessment Centres across the UK, our highly trained doctors, nurses and physiotherapists..."
"Revenue Systems Accountant","£50,000 per annum, inc benefits","Manchester","Revenue Systems Accountant | Manchester | 50k benefits | Tourism | Qualified/QBE Marks Sattin are continuing their long standing relation with a highly reputable, Manchester City client assisting in the recruitment of a Systems Accountant. Supporting the..."
"Automation Engineer Powershell","£50,000 - £55,000 per annum","London","Automation Engineer - Powershell - Windows - Linux - Permanent In exciting opportunity has arisen for an Automation Enigneer to join a global financial services client in the City. They have a number of international sites that require system administration..."
"Support Worker","£8.50 per hour","","Reference number: 43853 Title: Support Worker - Waking Nights Location: Peterborough Salary: £8.50 per hour Hours: 27 hours per week Closing date: Monday 16 December 2019 Interview date: To be confirmed Contract type: Permanent Are you looking..."
"Team Leader","£17,500 per annum, pro-rata","","Sense has a great opportunity for a passionate and dedicated individual to join our team as a Team Leader in Louth. This is a permanent role working 35 hours per week. About the role. . As a Team Leader you will supervise other team members to ensure..."
"Data Analyst Trainer - Leeds - £35-40k","£35,000 - £40,000 per annum","Leeds","DATA ANALYST TRAINER I'm currently recruiting on behalf of a training provider, that specialise in the delivery of tech and digital apprenticeships, for a Data Analyst Trainer Based in Leeds, and on a salary of 35- 40k depending on experience, it'll be..."
"Animal Technician","£16,832 per annum","Blackthorn","On behalf of our client, we are looking to recruit an Animal Care Technician to join a team carrying out daily care and welfare duties for laboratory animals. Please note that due to our client's rural location and in the absence of suitable public transport..."
"Marketing Manager","Competitive salary","Stretford, Manchester","Marketing Manager Competitive salary - Manchester Due to growth, AlcumusISOQAR are recruiting for a Marketing Manager (Customer Value) to join the team in Manchester. Reporting to the Head of Marketing, the Marketing Manager opportunity holds responsibility..."
"Support Worker","£8.50 per hour","Louth, Lincolnshire","Weekend Support Worker Reference number: 43871 Title: Weekend Support Worker Location: Louth, Lincolnshire Salary: 8.50 per hour Hours: Up to 15 hours per week Closing date: Wednesday 18 December 2019 Interview date: To be confirmed Contract type: Permanent..."
"Management Assessor/Tutor","£24,000 - £30,000 per annum","Nottingham","Management Assessors needed in Midlands/West Midlands I am recruiting for 2 Management Tutor Assessors, to support on ILM and CMI accredited programmes, and in particular on apprenticeships. One position to support on Level 3, and one position to support..."
"Support Worker","£8.50 per hour","Peterborough","Support Worker Reference number: 43854 Title: Support Worker Location: Peterborough Salary: 8.50 per hour Hours: 37.5 hour per week Closing date: Monday 16 December 2019 Interview date: To be confirmed Contract type: Permanent Are you looking for a rewarding..."
"Childrens Community Support Worker / Intervenor","£9.08 - £10.01 per hour","Bristol","Are you looking for a rewarding job where you go home knowing that you have made a real impact on someone's life? Sense has a great opportunity for passionate and dedicated individuals to join our team as a Childrens Community Support Worker / Intervenor..."
"Paraplanner - Hove","£35,000 - £45,000 per annum","Hove","Our clients, a well-established IFA business, are looking for an enthusiastic Paraplanner to join their professional team in Hove. The client is growing steadily and already has a great reputation in the area with a wide range of clients. They deal with..."
"Support Worker - Waking Nights","£8.50 per hour","","Are you looking for a rewarding job where you go home knowing that you have made a real impact on someone's life? Sense has a great opportunity for a passionate and dedicated individual to join our team as a Support Worker in Louth. This is a permanent..."
"Support Worker","£8.50 per hour","","Weekend Support Worker Reference number: 43871 Title: Weekend Support Worker Location: Louth, Lincolnshire Salary: £8.50 per hour Hours: Up to 15 hours per week Closing date: Wednesday 18 December 2019 Interview date: To be confirmed Contract..."
"Corporate receptionist","£23,000 per annum","Manchester","Corporate receptionist 23000 Manchester My client is looking for an experienced professional corporate receptionist to join their team in Manchester Spinningfields. Duties: Below are the tasks to be undertaken by the receptionist Meet and greet staff and..."
"Marketing Manager","Competitive salary","","Marketing Manager Competitive salary - Manchester Due to growth, AlcumusISOQAR are recruiting for a Marketing Manager (Customer Value) to join the team in Manchester. Reporting to the Head of Marketing, the Marketing Manager opportunity holds responsibility..."
"Customer Service Representative","£20,000 per annum","","Centre for Health and Disability Assessments (CHDA) delivers the Health Assessment Advisory Service on behalf of the Department for Work and Pensions (DWP). With over 150 Assessment Centres across the UK, our highly trained doctors, nurses and physiotherapists..."
"Graduate Customer Relationship Officer, £19,000","£19,000 - £23,000 per annum","Middlesbrough","Graduate Customer Relationship Officer - Middlesborough - 19,000 ( 23K OTE) Sector: IT Services/Tech A business outsourcing and professional services company, our client is international and instantly recognisable. They're looking for a Graduate Customer..."
"Support Worker","£8.50 per hour","","Reference number: 43853 Title: Support Worker - Waking Nights Location: Peterborough Salary: £8.50 per hour Hours: 27 hours per week Closing date: Monday 16 December 2019 Interview date: To be confirmed Contract type: Permanent Are you looking..."
"Team Leader","£17,500 per annum, pro-rata","","Sense has a great opportunity for a passionate and dedicated individual to join our team as a Team Leader in Louth. This is a permanent role working 35 hours per week. About the role. . As a Team Leader you will supervise other team members to ensure..."
"Marketing Assistant","£23,000 - £26,000 per annum, pro-rata","Newport, Gwent","Marketing Assistant - Part Time Are you an experienced marketer looking for a part-time marketing position that is flexible around home life? Do you consider yourself to be an organised person, thriving off getting creative? My client based in Newport..."
"Support Worker","£8.50 per hour","Peterborough","Support Worker Reference number: 43854 Title: Support Worker Location: Peterborough Salary: 8.50 per hour Hours: 37.5 hour per week Closing date: Monday 16 December 2019 Interview date: To be confirmed Contract type: Permanent Are you looking for a rewarding..."
"Support Worker","£8.50 per hour","Louth, Lincolnshire","Weekend Support Worker Reference number: 43871 Title: Weekend Support Worker Location: Louth, Lincolnshire Salary: 8.50 per hour Hours: Up to 15 hours per week Closing date: Wednesday 18 December 2019 Interview date: To be confirmed Contract type: Permanent..."
"Lead Engineer- Python - Scaling Reltime ML Analytics - 120k","£80,000 - £120,000 per annum","London","Company This High Growth VC backed Real Time Machine Learning Analytics start-up are looking for a Lead Python Engineer who is experienced in Python, Machine learning and Big Data to lead their data focused engineering team to build a best in class FinTech..."
